{"Akan": {"Afrikaans": 30.0368425788936, "zero_shot": 33.07}, "Atikamekw": {"Afrikaans": 49.77506198764029, "French": 57.30295697236148, "Lingala": 55.97975827034698, "Lithuanian": 51.29945304222511, "Slovene": 50.733533630850886, "zero_shot": 61.72}, "Bambara": {"Afrikaans": 40.33316695632257, "French": 49.13272400754282, "Lingala": 42.523056385556494, "Lithuanian": 38.395294523520846, "Slovene": 39.643071963754124, "zero_shot": 51.67}, "Bhojpuri": {"zero_shot": 31.27}, "Bislama": {"Afrikaans": 17.500573271483805, "Asturian": 25.756606607243725, "French": 23.710879806595862, "Italian (Turinese)": 22.841844982186117, "Lingala": 20.77031804217388, "Lithuanian": 17.188341382199496, "Slovene": 16.568401912590456, "zero_shot": 32.15}, "Cantonese": {"Afrikaans": 54.85553234961762, "Lithuanian": 54.49326707665046, "Slovene": 53.30034746069403, "zero_shot": 58.27}, "Chamorro": {"Afrikaans": 25.10051366703193, "French": 30.06942102726676, "Lingala": 27.653231703923083, "Lithuanian": 24.432278053342287, "Slovene": 24.41223819285749, "zero_shot": 32.87}, "Cherokee": {"zero_shot": 7.67}, "Cheyenne": {"Afrikaans": 10.654665493790755, "Asturian": 15.494076246144674, "French": 15.434028726532064, "Italian (Turinese)": 14.596089179477826, "Lingala": 11.71769324321128, "Lithuanian": 10.168777839679256, "Slovene": 9.631987505163224, "zero_shot": 28.52}, "Chichewa": {"zero_shot": 13.72}, "Coptic": {"zero_shot": 4.72}, "Dagbani": {"zero_shot": 47.81}, "Ewe": {"Afrikaans": 25.00785564945436, "zero_shot": 28.88}, "Greenlandic (South)": {"zero_shot": 35.55}, "Guaran\u00ed": {"French": 3.0471865182137945, "Hindi": 3.653274535797247, "Hungarian": 3.611789265396821, "Lithuanian": 3.597962568472566, "zero_shot": 3.99}, "Kashmiri": {"zero_shot": 26.27}, "Kikuyu": {"Afrikaans": 26.70483787681903, "French": 30.93051461034918, "Lingala": 29.880405036629767, "Lithuanian": 23.931997795298503, "Slovene": 30.194005887665657, "zero_shot": 38.81}, "Komi-Zyrian": {"Afrikaans": 108.05280561626893, "French": 100.45264020256444, "Lingala": 108.125632984573, "Slovene": 94.8489090430869, "Yazva": 66.55842030721885, "Zazaki": 63.83861397799812, "zero_shot": 110.02}, "Kongo": {"Afrikaans": 17.09952712371516, "French": 21.325714445097475, "Italian (Turinese)": 24.314312105079367, "Lingala": 19.610314186661668, "Lithuanian": 16.17332857551355, "Slovene": 17.102353969858274, "zero_shot": 26.46}, "Koryak": {"Afrikaans": 56.673513321116864, "Asturian": 73.30752838148781, "French": 63.29748809033379, "Italian (Turinese)": 59.05989902550635, "Lingala": 61.92759089837641, "Lithuanian": 55.47187162070768, "Slovene": 53.28880368091155, "zero_shot": 88.66}, "Kurmanji": {"zero_shot": 32.44}, "Madurese": {"Afrikaans": 31.81189415911889, "Lithuanian": 32.90715650077726, "Slovene": 31.285228770739305, "zero_shot": 33.61}, "Nadroga": {"Afrikaans": 32.389679157724814, "zero_shot": 34.94}, "Nanai": {"Afrikaans": 47.049785293057845, "Asturian": 56.57885938400678, "French": 47.03183656966387, "Italian (Turinese)": 50.57163268946522, "Lingala": 48.597613305272766, "Lithuanian": 44.55393306250309, "Slovene": 38.38740695174468, "zero_shot": 72.91}, "Nauruan": {"Afrikaans": 15.158688234550016, "Arabic (Egyptian)": 40.382326737371145, "Asturian": 22.24516255687078, "French": 19.528425027482108, "Italian (Turinese)": 18.03036031951458, "Lingala": 15.881119597707071, "Lithuanian": 12.939670781102636, "Slovene": 13.073805424278042, "zero_shot": 42.17}, "Quich\u00e9": {"Afrikaans": 73.69629355981378, "Arabic (Egyptian)": 115.39946690205376, "Asturian": 119.97385977204895, "Aymara (Central)": 147.7508290526709, "Azerbaijani": 138.43565277442235, "French": 89.49780124842792, "Galician": 126.70194091079874, "German": 140.84822011670488, "Gilaki": 139.25741397325754, "Guianese French Creole": 136.1121054983874, "Italian (Turinese)": 96.01936817514635, "Jamaican Creole": 142.26963489692167, "Japanese": 145.886942450783, "Javanese": 141.8282114391491, "Lingala": 67.5284647909694, "Lithuanian": 78.2055912660983, "Sinhala": 129.58869856661832, "Slovak": 122.415117271001, "Slovene": 63.78609507727102, "zero_shot": 165.78}, "Romani (Lovari)": {"zero_shot": 25.1}, "Rundi": {"zero_shot": 21.92}, "Samoan": {"zero_shot": 12.52}, "Sango": {"Afrikaans": 21.16926899407661, "zero_shot": 23.2}, "Sesotho": {"zero_shot": 12.77}, "Shor": {"Afrikaans": 99.4298861528691, "Asturian": 118.60272065996664, "French": 114.80540541872828, "Italian (Turinese)": 116.88324297702388, "Lingala": 109.81181292025607, "Lithuanian": 101.17249402133962, "Slovene": 98.91469988203374, "zero_shot": 167.74}, "Sranan": {"Afrikaans": 14.094803304855478, "Asturian": 24.48959687981576, "French": 17.780288024469307, "Italian (Turinese)": 21.939322146506083, "Lingala": 21.993555493686102, "Lithuanian": 20.150065530312325, "Slovene": 16.624269370285546, "zero_shot": 35.44}, "Swati": {"zero_shot": 40.65}, "Tabassaran": {"Slovene": 50.54044554016532, "zero_shot": 57.19}, "Tahitian": {"Afrikaans": 10.986858814405748, "Asturian": 18.314906166500226, "French": 13.531996619644977, "Italian (Turinese)": 14.73740012291623, "Lingala": 12.804826110413966, "Lithuanian": 10.252977972093072, "Slovene": 11.097996568026415, "zero_shot": 22.08}, "Tat (Muslim)": {"zero_shot": 70.32}, "Tigrinya": {"zero_shot": 13.88}, "Tofa": {"Afrikaans": 62.16278138616894, "Slovene": 61.98707808145484, "zero_shot": 62.38}, "Tok Pisin": {"Afrikaans": 19.68156861585099, "French": 25.317919542445047, "Italian (Turinese)": 26.203028138143463, "Lingala": 24.75057041981968, "Lithuanian": 20.39966393408558, "Slovene": 18.5719842925162, "zero_shot": 30.81}, "Tsakhur": {"Afrikaans": 35.28785274159559, "Asturian": 33.348648767674746, "French": 30.675251579578696, "Italian (Turinese)": 39.116542160802574, "Lingala": 31.700921091662945, "Lithuanian": 29.13419756379561, "Slovene": 25.60039630308512, "zero_shot": 41.74}, "Tsonga": {"zero_shot": 40.41}, "Udi": {"zero_shot": 55.01}, "Venda": {"Afrikaans": 29.181124846986695, "Lithuanian": 31.50545464337537, "Slovene": 30.09217195411072, "zero_shot": 31.95}, "Yukaghir (Kolyma)": {"Afrikaans": 76.7720268177704, "Asturian": 103.28239209194292, "French": 83.9771997160835, "Italian (Turinese)": 84.6247838201132, "Lingala": 80.4854405544623, "Lithuanian": 72.14282968584205, "Slovene": 68.45553210605694, "zero_shot": 104.8}, "Zhuang (Northern)": {"Afrikaans": 24.74818379283093, "Lithuanian": 23.49146645979513, "Slovene": 23.365220781465656, "zero_shot": 26.43}}